{"train/loss":11.007206916809082,"_runtime":247.801407031,"_timestamp":1.7387968903066452e+09,"_step":0,"_wandb":{"runtime":249},"val/loss":11.007206916809082,"mfu":-100,"iter":0,"lr":2.998500749625187e-07}