{"val/loss":11.000351905822754,"iter":0,"_runtime":50.581774886,"lr":2.998500749625187e-07,"_step":0,"mfu":-100,"_wandb":{"runtime":1051},"train/loss":11.000351905822754,"_timestamp":1.738795068540511e+09}