{"_timestamp":1.7387927139297543e+09,"train/loss":10.990835189819336,"mfu":-100,"_step":0,"val/loss":10.990835189819336,"_runtime":45.129454623,"_wandb":{"runtime":1988},"iter":0,"lr":2.998500749625187e-07}