{"lr":2.998500749625187e-07,"mfu":-100,"_step":0,"_wandb":{"runtime":205},"iter":0,"_timestamp":1.7387963668360758e+09,"_runtime":83.866874916,"train/loss":11.007684707641602,"val/loss":11.007684707641602}