{"mfu":-100,"_wandb":{"runtime":101},"iter":0,"train/loss":11.007684707641602,"_timestamp":1.7387962184375668e+09,"lr":2.998500749625187e-07,"_step":0,"val/loss":11.007684707641602,"_runtime":84.867419554}